{"cameraMode":{"drawMode":0,"name":"Shaded","section":"Shading Mode"},"sceneLighting":true,"audioPlay":false,"sceneViewState":{"showFog":true,"showMaterialUpdate":false,"showSkybox":true,"showFlares":true,"showImageEffects":true,"showParticleSystems":true},"in2DMode":false,"pivot":{"x":92.3760986328125,"y":-508.351806640625,"z":581.1842041015625},"rotation":{"x":0.4241892993450165,"y":-0.31401652097702029,"z":0.1596650630235672,"w":0.8342509269714356},"size":1925.7001953125,"orthographic":false}